id_konta;id_osoby;numer_konta;nazwa_banku
KONTO_O_1;OSOBA_1;75 2793 9257 9415 8302 0732;EUROCLEAR Bank
KONTO_O_2;OSOBA_1;69 4292 9180 4027 1051 8066;Intesa Sanpaolo
KONTO_O_3;OSOBA_2;69 4381 4614 1446 5272 9609;Nordea Bank
KONTO_O_4;OSOBA_3;93 4335 0709 6250 8036 9734;DNB Bank Polska
KONTO_O_5;OSOBA_3;49 1218 3240 2665 0469 1136;Elavon Financial Services
KONTO_O_6;OSOBA_4;91 3553 9669 5440 8942 4006;Fiat Bank Polska
KONTO_O_7;OSOBA_5;77 1232 6911 2511 6637 3807;Bank Zachodni WBK
KONTO_O_8;OSOBA_5;97 6787 2237 5342 6485 0194;PKO Bank Hipoteczny
KONTO_O_9;OSOBA_6;30 9643 0535 8589 1605 3032;Bank Gospodarstwa Krajowego
KONTO_O_10;OSOBA_6;11 1678 5318 5013 3066 9166;Svenska Handelsbanken
KONTO_O_11;OSOBA_7;92 2888 3267 8340 1459 2478;DZ Bank AG
KONTO_O_12;OSOBA_8;57 2850 6074 6069 8396 4289;Euro Bank
KONTO_O_13;OSOBA_8;10 2352 6818 7942 8339 9897;Sygma Banque
KONTO_O_14;OSOBA_9;97 4584 2209 2936 8647 8948;Deutsche Bank Polska
KONTO_O_15;OSOBA_9;98 3019 8004 9735 1327 2366;Haitong Bank, S.A., Oddział w Polsce
KONTO_O_16;OSOBA_10;65 6215 4686 2345 9035 7851;BPI Bank Polskich Inwestycji
KONTO_O_17;OSOBA_11;83 2753 0192 3584 4782 3601;CAIXABANK
KONTO_O_18;OSOBA_11;79 3827 9319 9311 8392 3341;Banque PSA Finance
KONTO_O_19;OSOBA_12;26 3423 3234 2928 8685 4066;J.P. Morgan Europe
KONTO_O_20;OSOBA_13;66 9323 4660 1263 2697 4184;FCE Bank Polska
KONTO_O_21;OSOBA_14;44 2088 4485 4331 5748 3216;Danske Bank
KONTO_O_22;OSOBA_14;48 9521 7098 9330 0498 6526;Pekao Bank Hipoteczny
KONTO_O_23;OSOBA_15;65 6118 0438 0191 9037 0089;RCI Banque
KONTO_O_24;OSOBA_15;99 5764 2805 6239 4302 4116;Elavon Financial Services
KONTO_O_25;OSOBA_16;28 1934 6117 7964 1079 3096;Powszechna Kasa Oszczędności Bank Polski SA (Inteligo)
KONTO_O_26;OSOBA_17;90 3816 5462 7858 2263 1322;Fiat Bank Polska
KONTO_O_27;OSOBA_18;68 6767 0116 5054 5619 4623;Banque PSA Finance
KONTO_O_28;OSOBA_19;96 2693 7440 1946 5900 8323;Société Générale
KONTO_O_29;OSOBA_19;80 3751 8748 0221 7272 7122;Skandinaviska Enskilda Banken
KONTO_O_30;OSOBA_20;53 3898 9193 1715 4570 0313;Haitong Bank, S.A., Oddział w Polsce
KONTO_O_31;OSOBA_20;39 3080 6976 6840 6885 8619;Deutsche Bank Polska
KONTO_O_32;OSOBA_21;33 8309 9673 9793 3134 9549;Powszechna Kasa Oszczędności Bank Polski SA (Inteligo)
KONTO_O_33;OSOBA_22;48 8940 8251 3266 1508 2806;BNP Paribas Securities Services
KONTO_O_34;OSOBA_23;60 0931 1641 9785 8501 3019;Danske Bank
KONTO_O_35;OSOBA_24;22 1834 5069 0228 3102 9879;Mercedes-Benz Bank Polska
KONTO_O_36;OSOBA_24;15 8343 6099 6435 9334 7032;Saxo Bank
KONTO_O_37;OSOBA_25;45 4941 4294 4448 3897 1072;Bank Gospodarstwa Krajowego
KONTO_O_38;OSOBA_26;66 2839 4934 8649 7294 9770;Bank Ochrony Środowiska
KONTO_O_39;OSOBA_27;38 4235 5911 5972 0713 4566;Société Générale
KONTO_O_40;OSOBA_28;10 7016 1407 7908 6167 2101;Western Union
KONTO_O_41;OSOBA_28;70 6992 9689 8630 4568 7517;Bank BGŻ BNP Paribas
KONTO_O_42;OSOBA_29;13 8589 4166 9475 9341 4862;Banque PSA Finance
KONTO_O_43;OSOBA_29;85 3174 3485 4166 3621 4705;Idea Bank
KONTO_O_44;OSOBA_30;53 9816 0612 3129 3019 2309;Bank Polska Kasa Opieki
KONTO_O_45;OSOBA_31;45 0575 0910 1882 8781 0895;Banif Plus Bank
KONTO_O_46;OSOBA_32;79 7606 4907 5906 7273 1874;Credit Agricole Bank Polska
KONTO_O_47;OSOBA_32;70 8379 3244 9266 2520 8331;Société Générale
KONTO_O_48;OSOBA_33;74 2691 5226 9265 4901 3580;Industrial and Commercial Bank of China
KONTO_O_49;OSOBA_34;77 2172 5917 3377 2496 5399;Danske Bank
KONTO_O_50;OSOBA_34;96 1228 6808 9378 2702 9023;Credit Agricole Bank Polska
KONTO_O_51;OSOBA_35;82 8409 7178 0391 2343 2185;J.P. Morgan Europe
KONTO_O_52;OSOBA_36;81 9530 7752 5074 3259 7134;Western Union
KONTO_O_53;OSOBA_36;38 4187 1322 2080 5016 7866;FM Bank PBP
KONTO_O_54;OSOBA_37;29 4215 7419 5376 9138 2600;Bank Zachodni WBK
KONTO_O_55;OSOBA_38;15 8616 1495 2944 7703 2171;Pekao Bank Hipoteczny
KONTO_O_56;OSOBA_39;43 5203 9630 9702 5108 9047;BNP Paribas
KONTO_O_57;OSOBA_39;59 4316 3348 9638 6148 6705;UBS
KONTO_O_58;OSOBA_40;93 3040 9120 1469 0538 5097;Bank BPH
KONTO_O_59;OSOBA_40;47 7738 7834 4865 1946 9019;Idea Bank
KONTO_O_60;OSOBA_41;68 6577 0588 4044 5957 0391;Alior Bank
KONTO_O_61;OSOBA_42;74 3854 4731 7004 3035 2451;Euro Bank
KONTO_O_62;OSOBA_43;24 0721 2681 9597 6421 6596;UBS
KONTO_O_63;OSOBA_43;64 5288 3231 4949 8359 9669;Raiffeisen Polbank
KONTO_O_64;OSOBA_44;86 4909 8953 0279 2794 2932;Bank Gospodarstwa Krajowego
KONTO_O_65;OSOBA_44;14 5940 0757 0005 8600 9336;Mercedes-Benz Bank Polska
KONTO_O_66;OSOBA_45;32 6554 1737 7884 8767 7187;Sygma Banque
KONTO_O_67;OSOBA_45;10 9877 8914 8185 8390 5800;Bank BPH
KONTO_O_68;OSOBA_46;55 4364 3199 3492 6867 5774;Bank of Tokyo-Mitsubishi UFJ Polska
KONTO_O_69;OSOBA_47;48 7658 7420 1284 7409 6703;FCE Bank Polska
KONTO_O_70;OSOBA_48;71 9065 4789 6081 4372 1158;BNP Paribas
KONTO_O_71;OSOBA_48;11 8185 7264 4723 4101 4385;Haitong Bank, S.A., Oddział w Polsce
KONTO_O_72;OSOBA_49;26 3127 7935 1789 0819 8570;Bank Ochrony Środowiska
KONTO_O_73;OSOBA_49;49 1676 4186 7263 8962 3184;Bank Handlowy
KONTO_O_74;OSOBA_50;57 5629 1027 0692 8310 0166;Saxo Bank
KONTO_O_75;OSOBA_51;48 7726 0455 2687 0396 9085;mBank
KONTO_O_76;OSOBA_52;80 8811 4796 0558 3250 0388;Deutsche Bank Polska
KONTO_O_77;OSOBA_53;43 0803 5431 5863 2726 8579;Citibank Europe
KONTO_O_78;OSOBA_54;90 6619 2839 7034 7331 3068;BNP Paribas
KONTO_O_79;OSOBA_55;39 1986 9638 3908 2206 6763;ING Bank Śląski
KONTO_O_80;OSOBA_56;18 6047 3343 8464 3391 3768;Volkswagen Bank Polska
KONTO_O_81;OSOBA_57;14 6113 0120 4086 5063 5413;Citibank Europe
KONTO_O_82;OSOBA_57;47 7707 4332 7132 0132 8293;CAIXABANK
KONTO_O_83;OSOBA_58;40 1356 4100 8067 5725 5684;Getin Noble Bank
KONTO_O_84;OSOBA_58;21 9847 7798 2404 6087 5838;Bank Handlowy
KONTO_O_85;OSOBA_59;17 0181 6793 9263 5233 1322;EUROCLEAR Bank
KONTO_O_86;OSOBA_59;66 5565 5260 6637 9500 8898;Citibank Europe
KONTO_O_87;OSOBA_60;13 6672 2671 0959 1916 7187;Bank of China
KONTO_O_88;OSOBA_61;59 0547 3439 2925 4746 6804;Santander Consumer Bank
KONTO_O_89;OSOBA_61;49 0930 4362 3357 5711 2136;DNB Bank Polska
KONTO_O_90;OSOBA_62;19 9582 2059 6039 2877 0236;CAIXABANK
KONTO_O_91;OSOBA_62;68 4836 0592 8813 6064 9689;HSBC Bank Polska
KONTO_O_92;OSOBA_63;97 5236 4720 4643 0290 0323;RCI Banque
KONTO_O_93;OSOBA_64;91 2224 1450 6080 0620 5117;Bank Ochrony Środowiska
KONTO_O_94;OSOBA_65;78 6320 1317 3630 5057 4194;Industrial and Commercial Bank of China
KONTO_O_95;OSOBA_65;23 3427 6460 9757 3782 1136;Industrial and Commercial Bank of China
KONTO_O_96;OSOBA_66;99 3911 4801 4120 4369 0735;Bank Handlowy
KONTO_O_97;OSOBA_67;78 1873 9131 0406 7919 0055;Bank BPH
KONTO_O_98;OSOBA_68;34 1393 1971 3210 1757 0006;Bank Zachodni WBK
KONTO_O_99;OSOBA_68;13 0815 5925 4689 6154 0444;mBank
KONTO_O_100;OSOBA_69;61 6435 5923 1552 0962 1287;RBS Bank
KONTO_O_101;OSOBA_69;53 7092 0038 2127 2735 4337;Bank Polska Kasa Opieki
KONTO_O_102;OSOBA_70;40 0092 6823 8284 8634 6063;Nordea Bank
KONTO_O_103;OSOBA_71;45 0234 5478 4252 9896 6676;Deutsche Bank Polska
KONTO_O_104;OSOBA_72;93 8323 1126 2763 1605 4459;Bank BPH
KONTO_O_105;OSOBA_72;59 8702 0800 8069 8431 2307;Elavon Financial Services
KONTO_O_106;OSOBA_73;42 4635 6721 1378 3379 1649;RBS Bank
KONTO_O_107;OSOBA_74;85 9164 8056 9453 1755 5022;Raiffeisen Polbank
KONTO_O_108;OSOBA_74;28 4340 2898 2246 3870 2279;ING Bank Śląski
KONTO_O_109;OSOBA_75;10 2145 2211 3963 3858 3375;Vanquis Bank
KONTO_O_110;OSOBA_75;57 8716 4349 9159 3789 5524;BPI Bank Polskich Inwestycji
KONTO_O_111;OSOBA_76;93 7516 1419 7821 3788 0692;Deutsche Bank Polska
KONTO_O_112;OSOBA_76;10 3027 0469 1070 4677 5388;Svenska Handelsbanken
KONTO_O_113;OSOBA_77;32 2140 1528 5203 6978 5165;Bank Ochrony Środowiska
KONTO_O_114;OSOBA_78;73 9457 8367 0672 2195 3162;HSBC Bank Polska
KONTO_O_115;OSOBA_79;26 0390 4359 6469 3120 6684;Bank Polska Kasa Opieki
KONTO_O_116;OSOBA_79;60 6593 8561 9825 2099 1830;EUROCLEAR Bank
KONTO_O_117;OSOBA_80;79 1715 3475 5349 5810 7784;BPI Bank Polskich Inwestycji
KONTO_O_118;OSOBA_81;38 7220 5446 2420 2692 6590;EUROCLEAR Bank
KONTO_O_119;OSOBA_81;57 0012 1918 2177 1464 7838;Mercedes-Benz Bank Polska
KONTO_O_120;OSOBA_82;45 6829 6590 2947 2830 3218;CAIXABANK
KONTO_O_121;OSOBA_83;15 3374 1620 6741 9285 9552;FM Bank PBP
KONTO_O_122;OSOBA_83;56 8721 1149 1176 6925 4582;DNB Bank Polska
KONTO_O_123;OSOBA_84;43 6828 9733 4216 6952 0856;Powszechna Kasa Oszczędności Bank Polski SA (Inteligo)
KONTO_O_124;OSOBA_85;26 3472 9661 2697 2537 7420;Svenska Handelsbanken
KONTO_O_125;OSOBA_85;26 8204 2835 6870 5345 0732;Société Générale
KONTO_O_126;OSOBA_86;78 9076 9260 0339 0971 3494;Haitong Bank, S.A., Oddział w Polsce
KONTO_O_127;OSOBA_86;60 7479 3584 0515 7140 6378;Bank of Tokyo-Mitsubishi UFJ Polska
KONTO_O_128;OSOBA_87;56 7016 7598 6122 1190 0188;Bank Zachodni WBK
KONTO_O_129;OSOBA_87;22 4011 5745 0324 2098 9642;Saxo Bank
KONTO_O_130;OSOBA_88;19 9990 1719 8608 9392 7124;Saxo Bank
KONTO_O_131;OSOBA_89;80 5269 1485 4415 9810 4312;Getin Noble Bank
KONTO_O_132;OSOBA_90;82 2537 2625 7294 8965 0637;FM Bank PBP
KONTO_O_133;OSOBA_91;74 8334 3590 5203 8419 5035;FCE Bank Polska
KONTO_O_134;OSOBA_91;14 1363 0100 5184 5139 2801;Bank Zachodni WBK
KONTO_O_135;OSOBA_92;99 7175 1840 1714 0881 3272;CAIXABANK
KONTO_O_136;OSOBA_92;11 4513 1507 4996 4572 7874;Société Générale
KONTO_O_137;OSOBA_93;95 8851 5514 2338 8676 9789;Bank Zachodni WBK
KONTO_O_138;OSOBA_94;61 5651 6307 6834 1846 5551;Sygma Banque
KONTO_O_139;OSOBA_95;76 2362 5669 3943 8762 8870;Toyota Bank Polska
KONTO_O_140;OSOBA_95;56 2018 8381 8461 4654 4774;Volkswagen Bank Polska
KONTO_O_141;OSOBA_96;87 4044 9352 1073 3960 7473;Banque PSA Finance
KONTO_O_142;OSOBA_97;75 8337 6267 7226 8254 2492;Banif Plus Bank
KONTO_O_143;OSOBA_98;38 2258 7592 9323 1008 8978;J.P. Morgan Europe
KONTO_O_144;OSOBA_99;42 9358 4037 9940 7823 5219;Bank Millennium
KONTO_O_145;OSOBA_100;70 5722 6806 4632 6106 1521;Société Générale
KONTO_O_146;OSOBA_101;64 4942 1085 6261 4689 2453;Bank Millennium
KONTO_O_147;OSOBA_101;31 3485 7546 1208 6659 2699;Banque PSA Finance
KONTO_O_148;OSOBA_102;66 0859 4340 5710 8610 3637;Haitong Bank, S.A., Oddział w Polsce
KONTO_O_149;OSOBA_102;48 4060 1497 9160 8802 2496;Plus Bank
KONTO_O_150;OSOBA_103;96 6831 4869 8240 0333 2681;PKO Bank Hipoteczny
KONTO_O_151;OSOBA_104;81 9762 0854 9684 8204 0290;RBS Bank
KONTO_O_152;OSOBA_105;87 2958 4190 4302 3052 0625;HSBC Bank Polska
KONTO_O_153;OSOBA_105;31 9163 5346 9566 4636 0740;Danske Bank
KONTO_O_154;OSOBA_106;94 3154 7500 3150 4735 9119;Bank Handlowy
KONTO_O_155;OSOBA_106;72 4824 8349 3221 2036 8487;Toyota Bank Polska
KONTO_O_156;OSOBA_107;10 5372 8279 0275 8220 4259;Haitong Bank, S.A., Oddział w Polsce
KONTO_O_157;OSOBA_107;60 8408 6424 5669 7804 2167;FCE Bank Polska
KONTO_O_158;OSOBA_108;89 8532 5767 4784 0158 8005;Bank of China
KONTO_O_159;OSOBA_109;65 5750 8186 8337 7386 5997;Toyota Bank Polska
KONTO_O_160;OSOBA_109;36 7175 5687 1883 7191 2021;Skandinaviska Enskilda Banken
KONTO_O_161;OSOBA_110;20 6891 9803 7810 4124 1873;Ikano Bank
KONTO_O_162;OSOBA_110;59 3398 3561 3370 0923 9860;Western Union
KONTO_O_163;OSOBA_111;22 1675 0727 3777 7683 5987;Elavon Financial Services
KONTO_O_164;OSOBA_112;64 6215 2135 1955 9764 5695;Haitong Bank, S.A., Oddział w Polsce
KONTO_O_165;OSOBA_112;30 2652 4230 7389 0777 2126;Intesa Sanpaolo
KONTO_O_166;OSOBA_113;48 4108 7307 8237 8087 4736;Bank BGŻ BNP Paribas
KONTO_O_167;OSOBA_114;25 8172 2241 6967 1796 2118;Bank Millennium
KONTO_O_168;OSOBA_114;68 9309 6168 9485 1061 2902;PKO Bank Hipoteczny
KONTO_O_169;OSOBA_115;88 0243 1293 4963 5615 3060;Powszechna Kasa Oszczędności Bank Polski SA (Inteligo)
KONTO_O_170;OSOBA_116;39 1107 2571 6912 6452 1999;Sygma Banque
KONTO_O_171;OSOBA_117;64 3124 3996 5583 7879 4336;BNP Paribas
KONTO_O_172;OSOBA_118;16 4159 2709 1474 3880 6904;BNP Paribas Securities Services
KONTO_O_173;OSOBA_118;26 6732 2255 7867 7370 6375;Industrial and Commercial Bank of China
KONTO_O_174;OSOBA_119;14 1095 0463 2181 0876 2123;Bank BPH
KONTO_O_175;OSOBA_119;37 7264 6836 8153 9023 6052;J.P. Morgan Europe
KONTO_O_176;OSOBA_120;39 9299 9910 7422 6432 4317;RBS Bank
KONTO_O_177;OSOBA_120;56 7533 3721 6707 4601 3888;Société Générale
KONTO_O_178;OSOBA_121;39 1876 0722 1760 5289 6527;Bank Gospodarstwa Krajowego
KONTO_O_179;OSOBA_122;36 8771 3014 8065 5089 1543;Ikano Bank
KONTO_O_180;OSOBA_123;58 4482 6071 4514 7961 6692;RBS Bank
KONTO_O_181;OSOBA_124;32 2460 3209 6919 8235 2165;Mercedes-Benz Bank Polska
KONTO_O_182;OSOBA_124;99 4141 0353 5561 2209 8321;Idea Bank
KONTO_O_183;OSOBA_125;98 0220 6584 5935 8056 7711;Skandinaviska Enskilda Banken
KONTO_O_184;OSOBA_125;54 6600 0146 9320 8691 6423;Toyota Bank Polska
KONTO_O_185;OSOBA_126;76 4732 6726 6330 2280 0922;EUROCLEAR Bank
KONTO_O_186;OSOBA_127;87 7616 0346 0627 1640 4314;Bank Handlowy
KONTO_O_187;OSOBA_127;38 4248 5348 7445 3727 4845;mBank
KONTO_O_188;OSOBA_128;41 3303 9988 8423 1386 9331;Santander Consumer Bank
KONTO_O_189;OSOBA_128;83 4595 2409 3410 4094 5031;RCI Banque
KONTO_O_190;OSOBA_129;69 9597 0842 5302 4799 6813;Pekao Bank Hipoteczny
KONTO_O_191;OSOBA_129;75 4763 1072 9772 9644 5820;Aareal Bank
KONTO_O_192;OSOBA_130;89 1038 6342 9468 2900 8116;Aareal Bank
KONTO_O_193;OSOBA_131;10 6521 0623 5276 7087 1408;BNP Paribas Securities Services
KONTO_O_194;OSOBA_132;69 3269 8515 0501 5205 1175;BNP Paribas Securities Services
KONTO_O_195;OSOBA_132;64 7706 7308 7420 4121 8567;Bank Ochrony Środowiska
KONTO_O_196;OSOBA_133;29 2551 6966 2240 8877 8401;Volkswagen Bank Polska
KONTO_O_197;OSOBA_134;25 6082 9407 0417 4588 0902;J.P. Morgan Europe
KONTO_O_198;OSOBA_134;39 3628 0878 6082 7282 7799;Banque PSA Finance
KONTO_O_199;OSOBA_135;18 3902 9868 3502 7527 1390;HSBC Bank Polska
KONTO_O_200;OSOBA_135;72 3989 7397 1219 5905 6342;Haitong Bank, S.A., Oddział w Polsce
KONTO_O_201;OSOBA_136;47 0818 1861 0181 0722 8021;J.P. Morgan Europe
KONTO_O_202;OSOBA_136;55 2078 8032 4208 4541 7321;HSBC Bank Polska
KONTO_O_203;OSOBA_137;21 8897 8360 9943 2839 1797;DZ Bank AG
KONTO_O_204;OSOBA_138;41 6104 0593 2367 6021 3091;Raiffeisen Polbank
KONTO_O_205;OSOBA_139;49 5829 3725 5850 9872 3181;Saxo Bank
KONTO_O_206;OSOBA_140;67 2575 3357 5560 3697 5761;Santander Consumer Bank
KONTO_O_207;OSOBA_140;31 3218 7767 9621 1592 0795;HSBC Bank Polska
KONTO_O_208;OSOBA_141;47 2804 0035 9321 0784 5686;BPI Bank Polskich Inwestycji
KONTO_O_209;OSOBA_142;21 3644 6336 9741 6992 7073;BNP Paribas
KONTO_O_210;OSOBA_143;11 6448 4180 0998 8252 0056;Idea Bank
KONTO_O_211;OSOBA_144;89 4035 0993 9663 9821 1141;Intesa Sanpaolo
KONTO_O_212;OSOBA_144;15 1699 4344 2859 2337 6702;ING Bank Śląski
KONTO_O_213;OSOBA_145;17 6795 2035 7515 2556 1337;Pekao Bank Hipoteczny
KONTO_O_214;OSOBA_145;67 2747 6680 2296 9131 5205;Nordea Bank
KONTO_O_215;OSOBA_146;17 5775 5934 3648 7051 7025;Bank of Tokyo-Mitsubishi UFJ Polska
KONTO_O_216;OSOBA_146;52 3491 1334 9188 1325 6599;DZ Bank AG
KONTO_O_217;OSOBA_147;49 9198 5368 4447 6971 5931;DZ Bank AG
KONTO_O_218;OSOBA_148;13 1733 4817 2754 8273 1860;Powszechna Kasa Oszczędności Bank Polski SA (Inteligo)
KONTO_O_219;OSOBA_149;47 8452 0101 9640 7378 9410;Alior Bank
KONTO_O_220;OSOBA_149;54 3220 2028 0232 0343 3731;Euro Bank
KONTO_O_221;OSOBA_150;85 0234 7186 7546 5679 1902;Alior Bank
KONTO_O_222;OSOBA_151;13 1653 1586 4443 6651 1925;FM Bank PBP
KONTO_O_223;OSOBA_151;94 5576 5278 7074 0412 2983;Sygma Banque
KONTO_O_224;OSOBA_152;56 2762 7664 8839 3507 7705;Western Union
KONTO_O_225;OSOBA_152;87 2549 9199 6144 1197 4839;UBS
KONTO_O_226;OSOBA_153;75 0967 2575 7772 0255 2630;Bank BPH
KONTO_O_227;OSOBA_153;17 4411 5155 1831 8159 5513;Raiffeisen Polbank
KONTO_O_228;OSOBA_154;50 2752 7223 2161 1444 8393;BPI Bank Polskich Inwestycji
KONTO_O_229;OSOBA_154;54 9390 5248 8196 1648 1004;CAIXABANK
KONTO_O_230;OSOBA_155;26 0582 5666 8090 9631 9511;Raiffeisen Polbank
KONTO_O_231;OSOBA_156;26 0399 8459 9497 3006 3193;RBS Bank
KONTO_O_232;OSOBA_156;83 8846 2603 4213 6265 2446;mBank
KONTO_O_233;OSOBA_157;42 0469 4925 8077 5365 6542;Vanquis Bank
KONTO_O_234;OSOBA_157;95 9546 9319 9816 5531 4432;BPI Bank Polskich Inwestycji
KONTO_O_235;OSOBA_158;46 2446 9914 8493 6038 7905;RCI Banque
KONTO_O_236;OSOBA_159;32 0548 7537 0111 4019 4033;RBS Bank
KONTO_O_237;OSOBA_159;22 8193 1170 8998 1868 9223;Fiat Bank Polska
KONTO_O_238;OSOBA_160;60 4678 9544 0958 8456 0194;BPI Bank Polskich Inwestycji
KONTO_O_239;OSOBA_160;83 6904 3504 8866 4542 1576;Aareal Bank
KONTO_O_240;OSOBA_161;79 6993 6505 1746 0515 0574;Euro Bank
KONTO_O_241;OSOBA_161;47 8930 3151 1089 1029 9794;RCI Banque
KONTO_O_242;OSOBA_162;54 0838 2133 0156 4091 2665;Bank Ochrony Środowiska
KONTO_O_243;OSOBA_162;44 9847 5894 9433 1850 1430;Skandinaviska Enskilda Banken
KONTO_O_244;OSOBA_163;32 4199 8613 3554 4335 3235;EUROCLEAR Bank
KONTO_O_245;OSOBA_164;30 3550 3204 9131 7905 3682;Bank BPH
KONTO_O_246;OSOBA_164;13 7530 7055 0485 6177 3626;Banque PSA Finance
KONTO_O_247;OSOBA_165;89 1095 5553 3194 0125 4317;HSBC Bank Polska
KONTO_O_248;OSOBA_166;46 4744 2680 7234 1846 3463;Elavon Financial Services
KONTO_O_249;OSOBA_167;22 7329 6268 6184 6896 1628;Bank of Tokyo-Mitsubishi UFJ Polska
KONTO_O_250;OSOBA_168;17 5411 7373 2460 2969 9653;Haitong Bank, S.A., Oddział w Polsce
KONTO_O_251;OSOBA_168;34 8135 5466 4727 5545 5469;BPI Bank Polskich Inwestycji
KONTO_O_252;OSOBA_169;36 6533 1927 8953 1898 7677;RCI Banque
KONTO_O_253;OSOBA_170;34 5346 8937 5026 8240 7531;Toyota Bank Polska
KONTO_O_254;OSOBA_171;82 7307 5602 5211 6827 7686;Santander Consumer Bank
KONTO_O_255;OSOBA_172;54 1391 6715 9386 3290 6966;Getin Noble Bank
KONTO_O_256;OSOBA_172;49 2427 2267 1497 3924 9924;Banque PSA Finance
KONTO_O_257;OSOBA_173;60 6812 2238 3531 2345 8101;Nykredit Realkredit
KONTO_O_258;OSOBA_173;34 5301 9577 7094 1989 6984;ING Bank Śląski
KONTO_O_259;OSOBA_174;24 4173 0427 6809 3980 9078;Idea Bank
KONTO_O_260;OSOBA_175;43 7401 0682 6291 6962 0456;Vanquis Bank
KONTO_O_261;OSOBA_175;33 8645 8532 7324 4340 0266;Toyota Bank Polska
KONTO_O_262;OSOBA_176;86 3995 0877 9383 3100 6420;Bank Millennium
KONTO_O_263;OSOBA_176;63 0071 7888 1952 5693 0707;Bank Pocztowy
KONTO_O_264;OSOBA_177;99 4108 0121 9494 5929 2918;Toyota Bank Polska
KONTO_O_265;OSOBA_177;95 4803 2604 1429 3472 9207;Ikano Bank
KONTO_O_266;OSOBA_178;54 5053 6303 0952 0853 0460;BNP Paribas
KONTO_O_267;OSOBA_178;12 2431 8487 9766 4905 7282;mBank
KONTO_O_268;OSOBA_179;30 7610 0299 6853 6285 2420;Euro Bank
KONTO_O_269;OSOBA_180;22 4707 1861 4067 0844 6786;Nykredit Realkredit
KONTO_O_270;OSOBA_181;50 8313 8038 6635 6096 7515;Danske Bank
KONTO_O_271;OSOBA_182;64 9205 3929 5990 3779 5316;DZ Bank AG
KONTO_O_272;OSOBA_182;46 4542 8826 2681 7058 2711;Vanquis Bank
KONTO_O_273;OSOBA_183;79 3752 6576 9036 7769 1318;Idea Bank
KONTO_O_274;OSOBA_183;35 9489 9224 0327 9191 5215;Bank Pocztowy
KONTO_O_275;OSOBA_184;16 9054 4143 7621 0797 7186;Bank Millennium
KONTO_O_276;OSOBA_184;95 1617 9412 7801 0229 6104;Bank Ochrony Środowiska
KONTO_O_277;OSOBA_185;44 5136 4968 2956 4866 0915;Svenska Handelsbanken
KONTO_O_278;OSOBA_185;54 6148 8107 9280 9157 2242;Skandinaviska Enskilda Banken
KONTO_O_279;OSOBA_186;29 7536 2043 7691 2339 6918;Bank Pocztowy
KONTO_O_280;OSOBA_187;57 3367 1012 1425 6427 2994;J.P. Morgan Europe
KONTO_O_281;OSOBA_188;44 8144 6089 3090 3989 1788;Citibank Europe
KONTO_O_282;OSOBA_189;56 4420 4432 2011 9303 0424;Banif Plus Bank
KONTO_O_283;OSOBA_190;30 9449 7525 6772 7203 1578;Alior Bank
KONTO_O_284;OSOBA_190;79 7791 0975 9599 5576 2671;Bank Gospodarstwa Krajowego
KONTO_O_285;OSOBA_191;12 8741 5769 3291 1724 9166;Citibank Europe
KONTO_O_286;OSOBA_191;11 0377 4295 4257 7763 3392;Danske Bank
KONTO_O_287;OSOBA_192;24 0865 9856 3321 7786 6819;Industrial and Commercial Bank of China
KONTO_O_288;OSOBA_193;31 5892 9344 1129 3002 4832;RBS Bank
KONTO_O_289;OSOBA_194;99 9466 4341 4576 2512 1695;Bank Millennium
KONTO_O_290;OSOBA_195;21 3807 2906 3489 4323 3551;J.P. Morgan Europe
KONTO_O_291;OSOBA_195;43 3763 5876 9316 6597 5710;FCE Bank Polska
KONTO_O_292;OSOBA_196;52 0323 5202 9766 0004 6590;Credit Agricole Bank Polska
KONTO_O_293;OSOBA_197;23 9917 4782 4225 7130 2659;Banque PSA Finance
KONTO_O_294;OSOBA_197;17 4528 8441 1823 7010 8911;Fiat Bank Polska
KONTO_O_295;OSOBA_198;80 6198 6851 3506 3962 3116;Sygma Banque
KONTO_O_296;OSOBA_199;54 7048 2108 9291 0535 1650;EUROCLEAR Bank
KONTO_O_297;OSOBA_200;27 1034 7006 4222 7344 4653;Volkswagen Bank Polska
KONTO_O_298;OSOBA_201;17 5235 4601 6856 2485 0466;FCE Bank Polska
KONTO_O_299;OSOBA_201;74 6261 9468 6208 3652 6191;Skandinaviska Enskilda Banken
KONTO_O_300;OSOBA_202;22 2161 6111 4385 1524 9871;BPI Bank Polskich Inwestycji
KONTO_O_301;OSOBA_203;70 0962 0885 4764 7571 2183;Bank BGŻ BNP Paribas
KONTO_O_302;OSOBA_204;10 2878 3621 7073 0571 9616;Banif Plus Bank
KONTO_O_303;OSOBA_205;13 3896 4030 7073 3433 2217;Banif Plus Bank
KONTO_O_304;OSOBA_205;73 2253 3318 7171 4711 2975;FM Bank PBP
KONTO_O_305;OSOBA_206;12 5355 9310 0200 5294 5379;Citibank Europe
KONTO_O_306;OSOBA_207;86 2609 3265 8464 6686 3436;DNB Bank Polska
KONTO_O_307;OSOBA_207;28 0180 4383 7850 2681 5786;Bank BPH
KONTO_O_308;OSOBA_208;32 0534 0591 6211 1056 0499;Pekao Bank Hipoteczny
KONTO_O_309;OSOBA_209;87 9034 5315 8345 5918 0053;Santander Consumer Bank
KONTO_O_310;OSOBA_210;85 3097 1002 1326 8088 9267;Sygma Banque
KONTO_O_311;OSOBA_211;78 6707 3375 4114 0213 9477;Getin Noble Bank
KONTO_O_312;OSOBA_212;20 2781 4074 5120 3826 3588;Bank Ochrony Środowiska
KONTO_O_313;OSOBA_213;90 7549 6567 2127 7952 7471;Haitong Bank, S.A., Oddział w Polsce
KONTO_O_314;OSOBA_213;25 1608 1040 1211 8327 3528;Santander Consumer Bank
KONTO_O_315;OSOBA_214;84 2092 6041 1574 2018 9426;Elavon Financial Services
KONTO_O_316;OSOBA_215;70 8593 2106 0038 6535 0852;Deutsche Bank Polska
KONTO_O_317;OSOBA_215;30 8827 1702 2212 9066 8626;Aareal Bank
KONTO_O_318;OSOBA_216;54 3029 2862 7780 6780 3718;Société Générale
KONTO_O_319;OSOBA_217;73 3358 3190 8538 2589 9128;Bank Zachodni WBK
KONTO_O_320;OSOBA_217;18 9505 1513 4310 4422 4207;Industrial and Commercial Bank of China
KONTO_O_321;OSOBA_218;67 7242 7596 3054 5630 0835;J.P. Morgan Europe
KONTO_O_322;OSOBA_218;18 9648 1421 1364 6177 0732;mBank
KONTO_O_323;OSOBA_219;36 0975 4468 3061 4515 6601;Mercedes-Benz Bank Polska
KONTO_O_324;OSOBA_219;91 4437 0370 6431 0134 5730;FCE Bank Polska
KONTO_O_325;OSOBA_220;16 1228 1743 3659 1994 2659;Banif Plus Bank
KONTO_O_326;OSOBA_221;90 6615 0770 5093 5367 2816;Plus Bank
KONTO_O_327;OSOBA_222;42 4533 9867 6607 5087 9298;Sygma Banque
KONTO_O_328;OSOBA_222;42 9735 9105 1793 5894 2430;Fiat Bank Polska
KONTO_O_329;OSOBA_223;40 1187 4926 7971 4025 3872;Danske Bank
KONTO_O_330;OSOBA_224;34 0141 0822 8933 7796 2916;RBS Bank
KONTO_O_331;OSOBA_224;48 6723 2998 6031 4870 5934;UBS
KONTO_O_332;OSOBA_225;21 6889 4322 7101 9656 7981;EUROCLEAR Bank
KONTO_O_333;OSOBA_226;64 8278 1273 0108 9336 9905;Bank Ochrony Środowiska
KONTO_O_334;OSOBA_227;96 2871 0534 8910 5299 2931;Sygma Banque
KONTO_O_335;OSOBA_227;27 5560 7301 1385 3825 9411;Alior Bank
KONTO_O_336;OSOBA_228;76 8629 9083 0355 3145 0359;Raiffeisen Polbank
KONTO_O_337;OSOBA_229;23 2198 9958 5493 5049 7538;Bank BPH
KONTO_O_338;OSOBA_230;13 7994 4192 4858 1826 1524;Ikano Bank
KONTO_O_339;OSOBA_231;98 5768 1466 5749 7270 3183;mBank
KONTO_O_340;OSOBA_231;98 3881 7986 6379 4266 3468;Santander Consumer Bank
KONTO_O_341;OSOBA_232;81 7516 8577 9112 7756 1464;FM Bank PBP
KONTO_O_342;OSOBA_233;50 8292 5962 1990 3905 8512;ING Bank Śląski
KONTO_O_343;OSOBA_234;93 9670 2986 6681 7253 0083;RBS Bank
KONTO_O_344;OSOBA_235;74 2056 6537 0004 6515 7539;Santander Consumer Bank
KONTO_O_345;OSOBA_236;79 6555 9886 1567 5599 1466;Pekao Bank Hipoteczny
KONTO_O_346;OSOBA_237;44 0804 1847 3411 5173 4008;Svenska Handelsbanken
KONTO_O_347;OSOBA_237;80 7473 1822 1827 0713 2658;Aareal Bank
KONTO_O_348;OSOBA_238;33 3124 7284 7751 2713 1956;Deutsche Bank Polska
KONTO_O_349;OSOBA_238;77 4295 3153 6949 5955 6359;Banque PSA Finance
KONTO_O_350;OSOBA_239;49 2856 3040 1398 9648 1203;DZ Bank AG
KONTO_O_351;OSOBA_239;71 9754 7206 6038 4770 9146;Bank Gospodarstwa Krajowego
KONTO_O_352;OSOBA_240;48 4342 6715 2000 1359 1796;Bank of China
KONTO_O_353;OSOBA_241;67 4845 3360 6871 9151 4967;Credit Agricole Bank Polska
KONTO_O_354;OSOBA_241;96 8059 9184 4970 2885 1598;Bank Zachodni WBK
KONTO_O_355;OSOBA_242;67 9030 0763 1501 2649 5744;Elavon Financial Services
KONTO_O_356;OSOBA_242;76 2970 7424 4141 6225 4244;Intesa Sanpaolo
KONTO_O_357;OSOBA_243;81 6156 3071 0358 1560 3265;Credit Agricole Bank Polska
KONTO_O_358;OSOBA_244;90 8547 7853 3737 4711 7141;BPI Bank Polskich Inwestycji
KONTO_O_359;OSOBA_244;73 3422 9384 5460 5417 7716;BNP Paribas
KONTO_O_360;OSOBA_245;61 6829 0415 2232 4169 9117;Plus Bank
KONTO_O_361;OSOBA_245;65 5024 8476 2751 1936 1896;Citibank Europe
KONTO_O_362;OSOBA_246;84 1586 3573 7541 9837 7520;ING Bank Śląski
KONTO_O_363;OSOBA_247;91 7256 2482 2220 9400 2470;Credit Agricole Bank Polska
KONTO_O_364;OSOBA_247;96 8784 0852 3657 4959 6230;mBank
KONTO_O_365;OSOBA_248;81 7958 0352 4223 2856 0666;Danske Bank
KONTO_O_366;OSOBA_249;59 0590 2633 5094 2976 7375;Vanquis Bank
KONTO_O_367;OSOBA_249;62 1795 7392 4663 4684 1902;Euro Bank
KONTO_O_368;OSOBA_250;77 6374 6245 2941 5884 4045;Volkswagen Bank Polska
KONTO_O_369;OSOBA_250;86 4019 1617 5851 8928 5845;J.P. Morgan Europe
KONTO_O_370;OSOBA_251;32 5443 5530 3041 7805 2949;Banif Plus Bank
KONTO_O_371;OSOBA_251;27 5376 3690 8476 5130 9863;Plus Bank
KONTO_O_372;OSOBA_252;31 6937 0320 2385 5941 4340;Intesa Sanpaolo
KONTO_O_373;OSOBA_253;45 5577 7847 0301 0339 8268;Mercedes-Benz Bank Polska
KONTO_O_374;OSOBA_253;36 6404 8732 3223 5611 1015;Bank BGŻ BNP Paribas
KONTO_O_375;OSOBA_254;16 8477 9024 5797 6393 9889;Toyota Bank Polska
KONTO_O_376;OSOBA_255;15 5080 7438 3887 0315 7543;Bank Zachodni WBK
KONTO_O_377;OSOBA_255;14 8756 0357 3543 3456 1617;Bank BGŻ BNP Paribas
KONTO_O_378;OSOBA_256;88 7676 6056 2036 4641 5732;BPI Bank Polskich Inwestycji
KONTO_O_379;OSOBA_256;16 1528 3083 7066 3772 3308;Bank Handlowy
KONTO_O_380;OSOBA_257;31 6607 3861 8792 2818 7865;Getin Noble Bank
KONTO_O_381;OSOBA_258;45 3563 7822 0816 7630 9229;Bank Gospodarstwa Krajowego
KONTO_O_382;OSOBA_258;41 2725 2728 0335 0577 6788;Fiat Bank Polska
KONTO_O_383;OSOBA_259;67 1937 6018 9671 5037 6763;Vanquis Bank
KONTO_O_384;OSOBA_260;21 6893 4185 6346 3296 7894;Santander Consumer Bank
KONTO_O_385;OSOBA_260;26 4410 8906 1986 4130 5378;BNP Paribas
KONTO_O_386;OSOBA_261;17 2206 7339 3907 8150 1528;Pekao Bank Hipoteczny
KONTO_O_387;OSOBA_262;91 1434 9021 1522 2935 8548;Bank BGŻ BNP Paribas
KONTO_O_388;OSOBA_262;54 5401 3283 4023 2475 3444;Santander Consumer Bank
KONTO_O_389;OSOBA_263;65 8706 5819 2096 2095 5629;Western Union
KONTO_O_390;OSOBA_263;50 3474 7459 6938 7544 5936;Citibank Europe
KONTO_O_391;OSOBA_264;94 9573 8852 2539 7267 3687;Nordea Bank
KONTO_O_392;OSOBA_265;69 1222 1758 6706 6385 4547;Nordea Bank
KONTO_O_393;OSOBA_265;33 3693 3696 3055 8138 0986;Volkswagen Bank Polska
KONTO_O_394;OSOBA_266;47 6463 1821 7985 4737 4420;Plus Bank
KONTO_O_395;OSOBA_267;92 0315 9758 3707 5687 4815;Industrial and Commercial Bank of China
KONTO_O_396;OSOBA_267;35 6153 6789 1990 5503 0663;Bank Millennium
KONTO_O_397;OSOBA_268;46 6797 0325 2823 7298 9066;Bank BPH
KONTO_O_398;OSOBA_269;27 3010 1332 1032 4619 6501;Svenska Handelsbanken
KONTO_O_399;OSOBA_269;43 5758 1492 5224 9138 5054;Plus Bank
KONTO_O_400;OSOBA_270;55 9104 7487 1875 9524 6381;Sygma Banque
KONTO_O_401;OSOBA_271;68 5205 6462 0105 3438 5422;Euro Bank
KONTO_O_402;OSOBA_272;44 9927 1035 3653 4508 5571;Bank BPH
KONTO_O_403;OSOBA_272;54 4955 8822 4359 3681 0228;mBank
KONTO_O_404;OSOBA_273;99 9583 9534 8973 4435 1266;Citibank Europe
KONTO_O_405;OSOBA_273;58 3606 2792 5763 2007 0964;Bank Handlowy
KONTO_O_406;OSOBA_274;18 4141 1745 2873 0719 7952;Raiffeisen Polbank
KONTO_O_407;OSOBA_275;47 4456 2474 5631 1787 0116;Toyota Bank Polska
KONTO_O_408;OSOBA_275;77 4202 9091 9006 4796 6921;Pekao Bank Hipoteczny
KONTO_O_409;OSOBA_276;18 1362 2390 4321 6378 6681;BNP Paribas
KONTO_O_410;OSOBA_276;94 8121 7003 9280 6464 6132;Bank Polska Kasa Opieki
KONTO_O_411;OSOBA_277;14 5245 1212 7833 1733 3749;Deutsche Bank Polska
KONTO_O_412;OSOBA_277;37 3779 2736 0769 6713 7148;Getin Noble Bank
KONTO_O_413;OSOBA_278;25 3409 7436 5303 3622 7244;Western Union
KONTO_O_414;OSOBA_279;60 0217 2511 3431 3160 2922;Banque PSA Finance
KONTO_O_415;OSOBA_280;66 9037 7876 6986 7258 5871;BNP Paribas Securities Services
KONTO_O_416;OSOBA_281;15 2866 4693 0667 5116 3838;Powszechna Kasa Oszczędności Bank Polski SA (Inteligo)
KONTO_O_417;OSOBA_282;26 1681 5060 6400 7992 7168;FM Bank PBP
KONTO_O_418;OSOBA_282;20 5330 2607 4555 7523 4717;Industrial and Commercial Bank of China
KONTO_O_419;OSOBA_283;83 6610 6650 4441 3791 9929;Plus Bank
KONTO_O_420;OSOBA_283;96 7327 8313 8344 1188 0848;Pekao Bank Hipoteczny
KONTO_O_421;OSOBA_284;85 9380 6157 4386 3947 3087;Powszechna Kasa Oszczędności Bank Polski SA (Inteligo)
KONTO_O_422;OSOBA_284;38 9987 7505 8815 9012 7076;Ikano Bank
KONTO_O_423;OSOBA_285;36 9820 5241 0983 5282 5126;Citibank Europe
KONTO_O_424;OSOBA_286;75 5729 7272 7367 3015 6250;Bank BPH
KONTO_O_425;OSOBA_287;11 3215 3760 6583 5524 9970;EUROCLEAR Bank
KONTO_O_426;OSOBA_288;73 9630 3768 9394 6064 9405;Skandinaviska Enskilda Banken
KONTO_O_427;OSOBA_288;46 3964 9383 1383 2667 1281;RBS Bank
KONTO_O_428;OSOBA_289;51 2481 9078 6324 1295 2666;HSBC Bank Polska
KONTO_O_429;OSOBA_289;19 0133 4089 0594 7263 7624;EUROCLEAR Bank
KONTO_O_430;OSOBA_290;38 9483 5366 9668 6317 6654;Bank BPH
KONTO_O_431;OSOBA_291;13 7078 5084 2475 6571 6254;ING Bank Śląski
KONTO_O_432;OSOBA_292;61 7518 9082 9604 1290 6553;Bank Polska Kasa Opieki
KONTO_O_433;OSOBA_293;54 1795 9331 4396 3697 7471;Saxo Bank
KONTO_O_434;OSOBA_293;78 1111 4083 4303 9181 2786;UBS
KONTO_O_435;OSOBA_294;91 6940 1690 0667 1181 0826;Credit Agricole Bank Polska
KONTO_O_436;OSOBA_295;97 1985 5193 2591 0362 2570;Banque PSA Finance
KONTO_O_437;OSOBA_295;21 4005 3718 8438 9855 0897;Powszechna Kasa Oszczędności Bank Polski SA (Inteligo)
KONTO_O_438;OSOBA_296;13 3712 8166 2628 2378 8979;UBS
KONTO_O_439;OSOBA_296;10 3490 6778 9861 0946 4013;FCE Bank Polska
KONTO_O_440;OSOBA_297;80 2687 0797 8632 3242 2915;Volkswagen Bank Polska
KONTO_O_441;OSOBA_297;80 7326 7021 6816 9709 4612;Bank BPH
KONTO_O_442;OSOBA_298;51 9380 7266 8072 5001 8627;Euro Bank
KONTO_O_443;OSOBA_298;46 2502 5216 5455 4218 5977;Getin Noble Bank
KONTO_O_444;OSOBA_299;90 7177 5154 0669 8258 5464;Bank Pocztowy
KONTO_O_445;OSOBA_299;77 4449 9404 5445 6690 9171;Nykredit Realkredit
KONTO_O_446;OSOBA_300;34 6083 6536 9965 6485 1069;UBS
KONTO_O_447;OSOBA_300;67 8883 1223 0337 8228 7664;Bank Gospodarstwa Krajowego
KONTO_O_448;OSOBA_301;41 3754 6265 6193 2608 9862;ING Bank Śląski
KONTO_O_449;OSOBA_301;24 2077 0423 3764 4295 2726;Citibank Europe
KONTO_O_450;OSOBA_302;25 6949 3745 4826 9938 7686;Société Générale
KONTO_O_451;OSOBA_303;74 7989 2014 8588 6283 7019;J.P. Morgan Europe
KONTO_O_452;OSOBA_303;38 4608 8546 7958 4266 9344;mBank
KONTO_O_453;OSOBA_304;63 1879 5836 6447 6837 3112;RCI Banque
KONTO_O_454;OSOBA_304;25 0379 2997 2019 8079 6690;Raiffeisen Polbank
KONTO_O_455;OSOBA_305;51 0129 3609 6865 0156 7611;Volkswagen Bank Polska
KONTO_O_456;OSOBA_305;63 9219 5754 3327 5885 9849;FCE Bank Polska
KONTO_O_457;OSOBA_306;83 1408 3431 9643 8274 7785;Euro Bank
KONTO_O_458;OSOBA_306;64 2783 2459 8307 7750 0994;Euro Bank
KONTO_O_459;OSOBA_307;98 9867 2800 7018 5701 9632;Svenska Handelsbanken
KONTO_O_460;OSOBA_307;67 4001 2866 6829 8328 8566;mBank
KONTO_O_461;OSOBA_308;70 9133 6132 0790 8406 8921;Saxo Bank
KONTO_O_462;OSOBA_309;61 2434 8419 8081 6426 9189;Industrial and Commercial Bank of China
KONTO_O_463;OSOBA_310;34 8180 8537 7501 4097 8852;FCE Bank Polska
KONTO_O_464;OSOBA_310;75 9311 2723 4242 3938 9402;Bank Pocztowy
KONTO_O_465;OSOBA_311;26 3665 2955 2217 8655 5205;Bank of Tokyo-Mitsubishi UFJ Polska
KONTO_O_466;OSOBA_311;11 2910 6990 4588 5355 7623;Bank Ochrony Środowiska
KONTO_O_467;OSOBA_312;25 0977 1992 4500 5793 7801;DZ Bank AG
KONTO_O_468;OSOBA_312;44 6857 3595 9257 1722 1689;Alior Bank
KONTO_O_469;OSOBA_313;49 1400 6228 2732 8789 0363;ING Bank Śląski
KONTO_O_470;OSOBA_313;89 5509 6978 2724 3371 0547;Bank of Tokyo-Mitsubishi UFJ Polska
KONTO_O_471;OSOBA_314;99 8793 1063 4378 8026 3336;Sygma Banque
KONTO_O_472;OSOBA_315;96 4680 4865 4558 6894 1712;Western Union
KONTO_O_473;OSOBA_315;12 2636 1055 2438 3081 1418;BNP Paribas Securities Services
KONTO_O_474;OSOBA_316;42 0694 4111 8104 3617 7548;HSBC Bank Polska
KONTO_O_475;OSOBA_317;36 2685 0313 6722 9785 6809;Bank of Tokyo-Mitsubishi UFJ Polska
KONTO_O_476;OSOBA_318;86 8759 5948 5134 4652 4819;ING Bank Śląski
KONTO_O_477;OSOBA_318;36 2323 1616 2626 5660 4854;Fiat Bank Polska
KONTO_O_478;OSOBA_319;63 6573 2794 1337 0084 9729;Intesa Sanpaolo
KONTO_O_479;OSOBA_319;65 6216 5897 1131 2041 8115;BNP Paribas Securities Services
KONTO_O_480;OSOBA_320;22 7187 8161 0726 2708 4263;Pekao Bank Hipoteczny
KONTO_O_481;OSOBA_321;23 3055 8855 3904 7557 2837;Sygma Banque
KONTO_O_482;OSOBA_321;10 0905 4964 3936 5559 9908;FM Bank PBP
KONTO_O_483;OSOBA_322;43 9673 6622 8317 0542 2625;J.P. Morgan Europe
KONTO_O_484;OSOBA_323;31 8693 8595 3845 8824 9158;Bank Millennium
KONTO_O_485;OSOBA_324;68 1414 4520 4481 8299 9162;Société Générale
KONTO_O_486;OSOBA_324;25 1836 7122 2825 0731 0162;EUROCLEAR Bank
KONTO_O_487;OSOBA_325;89 2585 7158 4397 8042 9296;Idea Bank
KONTO_O_488;OSOBA_325;20 0362 4638 1135 1158 7985;Nykredit Realkredit
KONTO_O_489;OSOBA_326;57 2618 8991 0571 9333 9887;Alior Bank
KONTO_O_490;OSOBA_326;97 2171 3408 7452 9270 1175;Bank Ochrony Środowiska
KONTO_O_491;OSOBA_327;27 6675 5698 0807 1518 7209;Bank Millennium
KONTO_O_492;OSOBA_327;14 5995 9321 5977 8127 7760;Pekao Bank Hipoteczny
KONTO_O_493;OSOBA_328;50 1995 3469 7703 9588 3318;Bank Zachodni WBK
KONTO_O_494;OSOBA_329;89 9689 8907 8988 5788 9314;PKO Bank Hipoteczny
KONTO_O_495;OSOBA_330;52 7527 2002 7167 4561 3793;UBS
KONTO_O_496;OSOBA_330;98 2050 4908 9754 8828 7970;Western Union
KONTO_O_497;OSOBA_331;67 8759 3217 6970 7261 5504;Elavon Financial Services
KONTO_O_498;OSOBA_331;42 4384 1563 9932 6867 1297;Credit Agricole Bank Polska
KONTO_O_499;OSOBA_332;91 2219 0466 3380 1604 0889;Haitong Bank, S.A., Oddział w Polsce
KONTO_O_500;OSOBA_333;91 3797 8968 8396 8395 6918;HSBC Bank Polska
KONTO_O_501;OSOBA_333;22 0586 5096 5617 3744 1499;BNP Paribas
KONTO_O_502;OSOBA_334;42 2026 2197 0204 9267 2964;Bank of China
KONTO_O_503;OSOBA_334;24 2369 4970 4455 4714 9380;HSBC Bank Polska
KONTO_O_504;OSOBA_335;99 7304 8836 1159 9238 5220;Mercedes-Benz Bank Polska
KONTO_O_505;OSOBA_336;13 6953 9820 3700 4538 4244;BNP Paribas
KONTO_O_506;OSOBA_336;48 8364 3346 9401 7374 2748;Bank Millennium
KONTO_O_507;OSOBA_337;38 1575 1641 3768 6457 7515;Haitong Bank, S.A., Oddział w Polsce
KONTO_O_508;OSOBA_338;88 0996 9874 1407 1514 7886;Nykredit Realkredit
KONTO_O_509;OSOBA_339;56 3739 7806 4849 0848 4352;ING Bank Śląski
KONTO_O_510;OSOBA_339;84 7143 4628 3614 0059 9560;Bank Polska Kasa Opieki
KONTO_O_511;OSOBA_340;39 6264 1222 7118 4550 6250;Nordea Bank
KONTO_O_512;OSOBA_341;72 0489 1559 2143 2786 0344;Société Générale
KONTO_O_513;OSOBA_341;43 8381 0815 3536 7363 5607;Bank of China
KONTO_O_514;OSOBA_342;90 5581 0280 2423 9057 8795;FM Bank PBP
KONTO_O_515;OSOBA_343;51 8712 5650 0688 8634 3180;Banif Plus Bank
KONTO_O_516;OSOBA_343;88 0828 5762 4088 5848 6181;ING Bank Śląski
KONTO_O_517;OSOBA_344;21 8117 0837 6695 9592 4267;Vanquis Bank
KONTO_O_518;OSOBA_345;84 1082 3339 8459 3056 4237;Sygma Banque
KONTO_O_519;OSOBA_345;56 7588 2985 9272 2781 9293;BPI Bank Polskich Inwestycji
KONTO_O_520;OSOBA_346;73 2698 2851 4940 4943 6989;PKO Bank Hipoteczny
KONTO_O_521;OSOBA_347;52 6691 9126 7873 1412 4551;Ikano Bank
KONTO_O_522;OSOBA_348;14 4324 7900 4321 5651 1751;Bank BGŻ BNP Paribas
KONTO_O_523;OSOBA_348;79 7467 4552 9916 2590 1690;Euro Bank
KONTO_O_524;OSOBA_349;40 5211 7484 3418 9944 0159;Idea Bank
KONTO_O_525;OSOBA_350;77 3803 8595 7985 5632 5218;Getin Noble Bank
KONTO_O_526;OSOBA_351;68 4744 0210 1835 1590 5718;Alior Bank
KONTO_O_527;OSOBA_351;73 3000 8712 5631 1872 7706;Western Union
KONTO_O_528;OSOBA_352;25 3643 2164 3541 8873 9310;Volkswagen Bank Polska
KONTO_O_529;OSOBA_353;22 3160 2001 8869 0195 5887;BNP Paribas
KONTO_O_530;OSOBA_354;65 5523 9838 1670 2785 1257;Western Union
KONTO_O_531;OSOBA_355;44 4030 1019 4872 3447 5667;Powszechna Kasa Oszczędności Bank Polski SA (Inteligo)
KONTO_O_532;OSOBA_355;24 8777 6905 9932 7412 2472;Bank Gospodarstwa Krajowego
KONTO_O_533;OSOBA_356;79 8719 5998 1396 9689 5716;Volkswagen Bank Polska
KONTO_O_534;OSOBA_357;44 5717 7091 1785 7796 1359;Bank BPH
KONTO_O_535;OSOBA_358;64 8927 2391 4391 0089 2817;BNP Paribas
KONTO_O_536;OSOBA_359;55 3349 1328 9111 0586 2961;Fiat Bank Polska
KONTO_O_537;OSOBA_360;41 9060 2669 7709 8119 1746;Bank BPH
KONTO_O_538;OSOBA_361;47 5310 0654 2015 4278 7806;Idea Bank
KONTO_O_539;OSOBA_362;31 5839 8954 4639 2086 7168;Idea Bank
KONTO_O_540;OSOBA_363;19 1205 8373 2517 9712 0487;Saxo Bank
KONTO_O_541;OSOBA_363;19 7646 7631 7027 6844 9082;Western Union
KONTO_O_542;OSOBA_364;88 9829 4540 7085 7726 7829;Bank Polska Kasa Opieki
KONTO_O_543;OSOBA_364;21 2667 7920 0939 2161 6868;Volkswagen Bank Polska
KONTO_O_544;OSOBA_365;97 0499 9991 1104 5780 6758;Nordea Bank
KONTO_O_545;OSOBA_365;35 1415 7672 9489 1990 6610;RBS Bank
KONTO_O_546;OSOBA_366;42 0039 9978 2754 2122 7912;Haitong Bank, S.A., Oddział w Polsce
KONTO_O_547;OSOBA_366;20 3295 2903 9076 9526 7613;Intesa Sanpaolo
KONTO_O_548;OSOBA_367;30 8012 4559 9507 1966 3490;PKO Bank Hipoteczny
KONTO_O_549;OSOBA_367;75 2277 2301 6665 7467 1065;CAIXABANK
KONTO_O_550;OSOBA_368;96 3721 8403 9534 1208 3694;HSBC Bank Polska
KONTO_O_551;OSOBA_369;21 7914 5510 0903 0593 3741;BPI Bank Polskich Inwestycji
KONTO_O_552;OSOBA_369;59 6391 9924 6011 1855 9746;RBS Bank
KONTO_O_553;OSOBA_370;62 9475 3040 2055 6623 4812;RBS Bank
KONTO_O_554;OSOBA_370;22 6956 1088 5334 2704 9116;Santander Consumer Bank
KONTO_O_555;OSOBA_371;44 2378 3146 4218 3630 4064;CAIXABANK
KONTO_O_556;OSOBA_371;12 8818 5610 9716 7066 8652;Deutsche Bank Polska
KONTO_O_557;OSOBA_372;72 0972 4689 8105 0515 4180;ING Bank Śląski
KONTO_O_558;OSOBA_372;45 9646 0046 7041 4835 2825;Idea Bank
KONTO_O_559;OSOBA_373;12 5772 2716 1430 0022 0035;PKO Bank Hipoteczny
KONTO_O_560;OSOBA_374;38 1720 4302 8344 6863 5223;PKO Bank Hipoteczny
KONTO_O_561;OSOBA_374;96 2718 2865 1402 1188 7174;BPI Bank Polskich Inwestycji
KONTO_O_562;OSOBA_375;23 9119 4955 9641 3996 0303;Aareal Bank
KONTO_O_563;OSOBA_376;93 0896 5781 9135 3211 7248;Bank Zachodni WBK
KONTO_O_564;OSOBA_376;31 4793 6353 0997 0200 5088;Nykredit Realkredit
KONTO_O_565;OSOBA_377;97 3647 3694 1898 4730 4400;CAIXABANK
KONTO_O_566;OSOBA_377;55 4387 2536 7577 6376 6752;Banque PSA Finance
KONTO_O_567;OSOBA_378;93 8653 8981 2572 5364 6450;Bank BPH
KONTO_O_568;OSOBA_379;73 4072 8227 2883 7185 1505;Bank BGŻ BNP Paribas
KONTO_O_569;OSOBA_380;59 8808 6054 7107 3796 0153;EUROCLEAR Bank
KONTO_O_570;OSOBA_381;23 4848 0506 0893 6162 1976;BNP Paribas
KONTO_O_571;OSOBA_382;30 0875 6030 4523 1474 3812;DZ Bank AG
KONTO_O_572;OSOBA_382;81 0443 0623 5136 9936 5179;mBank
KONTO_O_573;OSOBA_383;45 5688 5847 8193 6177 7915;Western Union
KONTO_O_574;OSOBA_383;93 1690 9573 8304 1450 1817;BPI Bank Polskich Inwestycji
KONTO_O_575;OSOBA_384;65 2961 7073 8864 6426 3088;Volkswagen Bank Polska
KONTO_O_576;OSOBA_385;92 6622 1111 4497 2230 8186;CAIXABANK
KONTO_O_577;OSOBA_386;64 3414 7210 2433 5470 9673;Plus Bank
KONTO_O_578;OSOBA_386;17 1974 6828 4840 6426 0990;Plus Bank
KONTO_O_579;OSOBA_387;17 6972 1318 5532 7195 1404;HSBC Bank Polska
KONTO_O_580;OSOBA_388;77 4409 8061 7235 5447 5974;HSBC Bank Polska
KONTO_O_581;OSOBA_389;41 9358 2038 7763 1434 2792;Bank of China
KONTO_O_582;OSOBA_389;18 8815 9693 9918 6615 8405;Raiffeisen Polbank
KONTO_O_583;OSOBA_390;53 0368 0260 4223 3502 7823;PKO Bank Hipoteczny
KONTO_O_584;OSOBA_390;17 5586 0152 4107 8362 6940;FM Bank PBP
KONTO_O_585;OSOBA_391;51 8138 9024 7064 8985 5171;Bank of China
KONTO_O_586;OSOBA_392;74 7175 9818 5733 1835 5952;Nykredit Realkredit
KONTO_O_587;OSOBA_393;14 2634 6412 1904 1894 9245;Bank Gospodarstwa Krajowego
KONTO_O_588;OSOBA_393;32 4414 5944 6774 1750 6728;Bank Pocztowy
KONTO_O_589;OSOBA_394;64 2076 6496 4651 9288 4777;Euro Bank
KONTO_O_590;OSOBA_394;28 4984 9567 6494 2822 4859;DZ Bank AG
KONTO_O_591;OSOBA_395;69 0578 7652 3112 6454 0562;Alior Bank
KONTO_O_592;OSOBA_395;50 0292 2850 9669 6138 7138;Skandinaviska Enskilda Banken
KONTO_O_593;OSOBA_396;91 5347 4488 8862 5157 7204;Santander Consumer Bank
KONTO_O_594;OSOBA_396;44 9498 1372 6495 3274 1401;Skandinaviska Enskilda Banken
KONTO_O_595;OSOBA_397;47 9313 9414 6989 4926 8388;Aareal Bank
KONTO_O_596;OSOBA_397;58 6164 7780 1535 0953 6193;Banif Plus Bank
KONTO_O_597;OSOBA_398;99 7556 5361 3338 5851 4973;Banque PSA Finance
KONTO_O_598;OSOBA_399;34 9448 6377 3955 7497 4128;Bank Ochrony Środowiska
KONTO_O_599;OSOBA_399;62 1901 2966 4619 0244 6379;Ikano Bank
KONTO_O_600;OSOBA_400;43 7693 1079 7070 7445 0701;Aareal Bank
KONTO_O_601;OSOBA_401;24 1793 8113 3019 8498 6528;Ikano Bank
KONTO_O_602;OSOBA_402;23 6533 2619 6538 6754 9140;Bank Pocztowy
KONTO_O_603;OSOBA_402;34 0480 9425 7440 0792 4808;Credit Agricole Bank Polska
KONTO_O_604;OSOBA_403;52 9045 4399 5274 5010 2118;Bank Polska Kasa Opieki
KONTO_O_605;OSOBA_403;27 1428 9572 9013 6295 3056;Bank Millennium
KONTO_O_606;OSOBA_404;28 8140 6331 1139 8534 7132;Mercedes-Benz Bank Polska
KONTO_O_607;OSOBA_404;13 5115 7330 3266 1654 4929;RBS Bank
KONTO_O_608;OSOBA_405;56 3711 4569 5681 6508 1791;Bank Millennium
KONTO_O_609;OSOBA_406;19 0522 5492 9426 3503 3589;EUROCLEAR Bank
KONTO_O_610;OSOBA_406;69 5096 6053 1386 3761 8874;FCE Bank Polska
KONTO_O_611;OSOBA_407;80 4561 5859 9027 1997 6744;mBank
KONTO_O_612;OSOBA_408;77 7834 8482 5700 3887 4523;Toyota Bank Polska
KONTO_O_613;OSOBA_408;71 5158 7965 6769 3565 4245;mBank
KONTO_O_614;OSOBA_409;18 4317 9825 0441 6263 4687;Skandinaviska Enskilda Banken
KONTO_O_615;OSOBA_410;82 1712 8649 2043 4053 9777;DNB Bank Polska
KONTO_O_616;OSOBA_411;29 5443 5820 5350 4208 4707;RCI Banque
KONTO_O_617;OSOBA_411;19 1293 8960 8445 5667 8131;Industrial and Commercial Bank of China
KONTO_O_618;OSOBA_412;39 8019 9766 3504 7561 8028;Santander Consumer Bank
KONTO_O_619;OSOBA_413;24 8246 0636 8389 6406 1833;Elavon Financial Services
KONTO_O_620;OSOBA_414;49 8269 2425 3196 9783 4950;Aareal Bank
KONTO_O_621;OSOBA_415;76 7037 7065 0441 0183 7741;Bank Millennium
KONTO_O_622;OSOBA_416;95 7464 6972 3031 5707 8974;Nordea Bank
KONTO_O_623;OSOBA_416;85 1547 5225 7158 1549 7383;Sygma Banque
KONTO_O_624;OSOBA_417;75 7919 3188 9027 9233 9395;Bank Pocztowy
KONTO_O_625;OSOBA_417;29 5174 9707 5828 7796 4165;Banif Plus Bank
KONTO_O_626;OSOBA_418;41 7696 1103 2571 2657 7375;Deutsche Bank Polska
KONTO_O_627;OSOBA_419;55 9412 7374 2107 1543 0558;CAIXABANK
KONTO_O_628;OSOBA_419;71 2032 9958 2260 9571 4458;Mercedes-Benz Bank Polska
KONTO_O_629;OSOBA_420;89 1874 4405 0938 1530 1364;Pekao Bank Hipoteczny
KONTO_O_630;OSOBA_421;48 5544 2479 7478 5904 3041;Bank Polska Kasa Opieki
KONTO_O_631;OSOBA_421;74 3012 2772 6170 9198 0876;UBS
KONTO_O_632;OSOBA_422;40 5770 7817 3271 1410 8101;ING Bank Śląski
KONTO_O_633;OSOBA_423;16 3984 2617 2111 3113 7020;Euro Bank
KONTO_O_634;OSOBA_424;51 8628 7632 3995 3623 0126;Elavon Financial Services
KONTO_O_635;OSOBA_425;12 0223 6220 8180 1254 4679;Bank Ochrony Środowiska
KONTO_O_636;OSOBA_425;29 5050 5231 1821 7694 9157;Danske Bank
KONTO_O_637;OSOBA_426;92 2182 5886 8151 2208 0073;Toyota Bank Polska
KONTO_O_638;OSOBA_426;35 7725 4592 3689 9893 2540;Société Générale
KONTO_O_639;OSOBA_427;85 1313 6600 1047 5306 4455;Skandinaviska Enskilda Banken
KONTO_O_640;OSOBA_428;17 6964 1196 0065 8870 4914;Citibank Europe
KONTO_O_641;OSOBA_429;80 9984 7248 5219 2623 2485;Fiat Bank Polska
KONTO_O_642;OSOBA_430;30 4593 5139 2021 5161 3497;Bank Zachodni WBK
KONTO_O_643;OSOBA_431;73 0272 8185 2729 8421 0300;CAIXABANK
KONTO_O_644;OSOBA_432;97 4320 2280 4629 7105 2850;Getin Noble Bank
KONTO_O_645;OSOBA_433;96 5583 6610 1479 6965 5654;Elavon Financial Services
KONTO_O_646;OSOBA_434;88 1281 3756 4057 9121 8575;Bank of China
KONTO_O_647;OSOBA_435;19 9472 1480 0914 5646 7785;Danske Bank
KONTO_O_648;OSOBA_436;78 3826 4933 2504 5610 9408;Santander Consumer Bank
KONTO_O_649;OSOBA_437;95 5374 8238 6229 7092 9893;Sygma Banque
KONTO_O_650;OSOBA_438;51 8433 6845 4399 5033 2488;Bank Millennium
KONTO_O_651;OSOBA_438;33 6798 9266 1439 7599 6858;Bank Gospodarstwa Krajowego
KONTO_O_652;OSOBA_439;44 7827 6866 3321 1397 8792;EUROCLEAR Bank
KONTO_O_653;OSOBA_440;52 7525 0647 6682 1978 7735;Santander Consumer Bank
KONTO_O_654;OSOBA_441;78 3293 8932 8013 0422 1696;Aareal Bank
KONTO_O_655;OSOBA_441;24 0647 1710 1842 0002 8083;Bank of China
KONTO_O_656;OSOBA_442;84 7232 3712 8457 4571 2515;Nykredit Realkredit
KONTO_O_657;OSOBA_442;50 9546 1087 1516 2203 2989;Deutsche Bank Polska
KONTO_O_658;OSOBA_443;98 6499 2046 3175 4430 2924;Skandinaviska Enskilda Banken
KONTO_O_659;OSOBA_443;73 7438 0326 3426 8344 0148;FM Bank PBP
KONTO_O_660;OSOBA_444;24 8333 2716 9628 6812 7213;Deutsche Bank Polska
KONTO_O_661;OSOBA_445;89 1490 4937 5809 8617 7325;RBS Bank
KONTO_O_662;OSOBA_446;97 2044 6661 2053 3041 6350;Banif Plus Bank
KONTO_O_663;OSOBA_447;92 3562 5009 8854 0879 2282;HSBC Bank Polska
KONTO_O_664;OSOBA_448;63 2204 8354 2957 0626 9894;Industrial and Commercial Bank of China
KONTO_O_665;OSOBA_449;23 2194 2468 0601 6419 9608;Société Générale
KONTO_O_666;OSOBA_449;46 4751 6252 1988 9460 6984;Saxo Bank
KONTO_O_667;OSOBA_450;48 8673 2448 8889 1788 4901;Bank Pocztowy
KONTO_O_668;OSOBA_450;44 1213 7907 0340 8009 5996;Industrial and Commercial Bank of China
KONTO_O_669;OSOBA_451;80 2753 0068 4536 8179 4780;Western Union
KONTO_O_670;OSOBA_451;22 6134 9548 0038 3995 4728;Danske Bank
KONTO_O_671;OSOBA_452;43 5286 0173 2794 2572 8086;Santander Consumer Bank
KONTO_O_672;OSOBA_452;33 5159 5017 5087 3417 7056;Alior Bank
KONTO_O_673;OSOBA_453;53 5698 9338 3040 9825 9714;Euro Bank
KONTO_O_674;OSOBA_454;35 0555 6090 5505 9230 0795;CAIXABANK
KONTO_O_675;OSOBA_454;45 3029 4652 3674 8842 8894;Western Union
KONTO_O_676;OSOBA_455;29 3734 8075 7382 9158 9259;DNB Bank Polska
KONTO_O_677;OSOBA_455;81 4465 1695 4481 2784 7248;Nordea Bank
KONTO_O_678;OSOBA_456;45 3978 3522 0585 9355 1451;PKO Bank Hipoteczny
KONTO_O_679;OSOBA_456;54 3357 2152 2098 2510 3013;DZ Bank AG
KONTO_O_680;OSOBA_457;43 1460 0232 7446 3628 8661;Raiffeisen Polbank
KONTO_O_681;OSOBA_457;91 4681 1417 9731 5863 5636;Elavon Financial Services
KONTO_O_682;OSOBA_458;81 4719 9195 6976 3190 2746;Alior Bank
KONTO_O_683;OSOBA_459;48 1735 7359 8902 8932 5536;Citibank Europe
KONTO_O_684;OSOBA_459;71 0442 9363 2789 8999 0366;Skandinaviska Enskilda Banken
KONTO_O_685;OSOBA_460;62 9481 6981 7286 3034 6439;Saxo Bank
KONTO_O_686;OSOBA_460;18 6791 7801 2476 9255 9424;Svenska Handelsbanken
KONTO_O_687;OSOBA_461;60 7493 7138 0329 1551 7874;mBank
KONTO_O_688;OSOBA_461;15 0473 4475 1018 7380 7951;Intesa Sanpaolo
KONTO_O_689;OSOBA_462;25 1506 0764 1434 7352 8629;Toyota Bank Polska
KONTO_O_690;OSOBA_463;48 9596 7056 4145 2626 9336;Bank Zachodni WBK
KONTO_O_691;OSOBA_464;36 4820 7623 3984 3309 8647;J.P. Morgan Europe
KONTO_O_692;OSOBA_464;18 4012 8577 0586 1809 2481;Bank of China
KONTO_O_693;OSOBA_465;50 7797 0011 2934 3011 9854;Getin Noble Bank
KONTO_O_694;OSOBA_465;97 4915 6041 7826 8166 4480;FM Bank PBP
KONTO_O_695;OSOBA_466;17 5786 3054 7610 3539 9856;HSBC Bank Polska
KONTO_O_696;OSOBA_466;89 5433 0231 9917 8525 2539;Banque PSA Finance
KONTO_O_697;OSOBA_467;96 6527 9544 8804 9732 1735;Nordea Bank
KONTO_O_698;OSOBA_467;75 6048 9158 1547 0754 3484;Industrial and Commercial Bank of China
KONTO_O_699;OSOBA_468;16 4311 1261 8524 0897 8448;RBS Bank
KONTO_O_700;OSOBA_469;80 2550 8470 5220 0770 4590;Saxo Bank
KONTO_O_701;OSOBA_469;58 8311 7026 4165 6239 3061;Western Union
KONTO_O_702;OSOBA_470;50 6294 0095 3963 7791 0986;Saxo Bank
KONTO_O_703;OSOBA_471;41 8247 8157 6486 5517 5145;Bank Ochrony Środowiska
KONTO_O_704;OSOBA_472;23 4432 4370 3952 8348 6976;Nordea Bank
KONTO_O_705;OSOBA_472;86 1604 2182 4853 5992 0772;Intesa Sanpaolo
KONTO_O_706;OSOBA_473;29 0535 2248 5038 6629 6496;Plus Bank
KONTO_O_707;OSOBA_474;66 9727 7645 5741 3640 8175;RCI Banque
KONTO_O_708;OSOBA_475;17 9093 5359 1458 1511 5966;RBS Bank
KONTO_O_709;OSOBA_476;64 1928 5858 6782 8125 4904;Bank Polska Kasa Opieki
KONTO_O_710;OSOBA_476;42 4898 6625 2919 5200 8795;Bank BPH
KONTO_O_711;OSOBA_477;57 3065 0111 9277 7740 2091;Banque PSA Finance
KONTO_O_712;OSOBA_478;40 5155 2697 9065 3687 3640;Elavon Financial Services
KONTO_O_713;OSOBA_478;48 9711 1241 9213 2040 8437;Volkswagen Bank Polska
KONTO_O_714;OSOBA_479;14 1192 0480 7340 9288 2384;BNP Paribas
KONTO_O_715;OSOBA_480;18 7704 9554 2690 5975 4546;EUROCLEAR Bank
KONTO_O_716;OSOBA_480;34 2989 6518 1155 9701 2461;Haitong Bank, S.A., Oddział w Polsce
KONTO_O_717;OSOBA_481;65 2075 1607 1933 3596 3429;Nykredit Realkredit
KONTO_O_718;OSOBA_481;98 4932 6241 2188 2331 7604;Idea Bank
KONTO_O_719;OSOBA_482;97 8343 8667 2355 8225 0697;Bank Millennium
KONTO_O_720;OSOBA_482;40 8714 4907 7470 9688 1096;Ikano Bank
KONTO_O_721;OSOBA_483;89 3192 6047 2519 6698 1302;Euro Bank
KONTO_O_722;OSOBA_483;16 2500 4984 2074 5353 6824;FM Bank PBP
KONTO_O_723;OSOBA_484;95 9420 0737 6566 6471 3473;Deutsche Bank Polska
KONTO_O_724;OSOBA_485;66 0104 1472 9420 1455 8261;Saxo Bank
KONTO_O_725;OSOBA_486;70 4212 7483 7192 4441 7404;Société Générale
KONTO_O_726;OSOBA_486;74 0073 2612 4447 0682 6135;ING Bank Śląski
KONTO_O_727;OSOBA_487;89 6202 7465 5247 1540 1778;DNB Bank Polska
KONTO_O_728;OSOBA_487;95 2803 1827 1841 4220 4722;Nykredit Realkredit
KONTO_O_729;OSOBA_488;47 4550 3458 4931 9967 7632;Powszechna Kasa Oszczędności Bank Polski SA (Inteligo)
KONTO_O_730;OSOBA_488;43 4053 8969 3111 6383 3229;Bank Millennium
KONTO_O_731;OSOBA_489;71 8828 0460 2791 2602 3168;Bank BPH
KONTO_O_732;OSOBA_490;93 4429 4631 1346 1467 6753;J.P. Morgan Europe
KONTO_O_733;OSOBA_491;74 8004 0101 9953 0731 0067;Aareal Bank
KONTO_O_734;OSOBA_491;45 5222 2756 4798 1879 0536;Bank of Tokyo-Mitsubishi UFJ Polska
KONTO_O_735;OSOBA_492;54 4464 8075 4101 4297 7643;UBS
KONTO_O_736;OSOBA_492;36 5703 5693 3381 3124 7489;Intesa Sanpaolo
KONTO_O_737;OSOBA_493;52 9195 1298 2405 4445 2692;Bank Zachodni WBK
KONTO_O_738;OSOBA_493;46 0709 6300 3373 5827 9806;Saxo Bank
KONTO_O_739;OSOBA_494;42 7111 1131 0868 3688 0290;FCE Bank Polska
KONTO_O_740;OSOBA_494;91 1846 7819 7526 4159 0552;DNB Bank Polska
KONTO_O_741;OSOBA_495;33 1393 3076 5372 7002 4179;PKO Bank Hipoteczny
KONTO_O_742;OSOBA_496;16 8713 2700 7058 2078 3472;Mercedes-Benz Bank Polska
KONTO_O_743;OSOBA_497;82 9437 3518 5340 4400 2320;Intesa Sanpaolo
KONTO_O_744;OSOBA_497;48 7463 6642 3476 5232 7530;BNP Paribas
KONTO_O_745;OSOBA_498;85 4160 7997 1183 6438 5363;BNP Paribas Securities Services
KONTO_O_746;OSOBA_498;28 5777 5749 0471 8989 8225;Euro Bank
KONTO_O_747;OSOBA_499;17 5740 5465 8991 0097 3018;Raiffeisen Polbank
KONTO_O_748;OSOBA_500;19 4791 2481 3866 4066 1177;mBank
